file,todo
helpers/StrO.py,Add more string operations as needed.
helpers/environment_setup.py,"Add support for other languages and package managers, such as npm for JavaScript"
helpers/database_migration.py,"Add support for other languages and migration tools, such as Knex for JavaScript or ActiveRecord for Ruby."
helpers/backup_restore.py,"Add more backup and restore options, such as incremental backups or encryption."
helpers/log_analysis.py,"Add support for different log formats, "
helpers/code_formatting_and_linting.py,"Add support for other languages and linters, such as ESLint "
helpers/performance_profiling.py,"Add support for different profiling tools, function parameters,"
helpers/DtO.py,Add more datetime operations as needed.
helpers/FaDO.py,Add more file and directory operations as needed.
helpers/unit_test_runner.py,"Add support for other languages and test frameworks, "
helpers/api_testing.py,Add more test functions for other API endpoints and HTTP methods
helpers/api_testing.py,"Add support for authentication, rate limiting, and other API-specific features"
Agents/A6_Data_Scientist/Visualization_Creation.py,"""This script sets up a simple data visualization framework using the matplotlib library."" "
Agents/A5_Data_Engineer/Data_Validation.py,Apply validation rules to the processed data
Agents/A5_Data_Engineer/Data_Validation.py,Implement the validation logic for the specific rule
Agents/A5_Data_Engineer/Data_Pipeline_Implementation.py,Collect data from various data sources
Agents/A5_Data_Engineer/Data_Pipeline_Implementation.py,Clean and preprocess the raw data
Agents/A2_Software_Architect/System_Requirements_Analysis.py,"Analyze functional requirements to ensure they are complete, consistent, and clear"
Agents/A2_Software_Architect/System_Requirements_Analysis.py,Analyze non-functional requirements to ensure they are realistic and achievable
Agents/A2_Software_Architect/System_Requirements_Analysis.py,Identify any issues or conflicts within the requirements
Agents/A2_Software_Architect/System_Requirements_Analysis.py,Suggest improvements to the requirements based on the analysis
Agents/A2_Software_Architect/Code_Quality_Analysis.py,Implement extraction of desired quality metrics from pylint_report
Agents/A1_Project_Manager/Change_Management.py,"Identify potential changes in the project scope, timeline, or resources that may impact project goals."
Agents/A1_Project_Manager/Change_Management.py,Evaluate the impact of the identified changes on the project goals and determine the best course of action.
Agents/A1_Project_Manager/Change_Management.py,Approve or reject changes based on their impact on the project goals and the available resources.
Agents/A1_Project_Manager/Change_Management.py,"Implement the approved changes in the project and update the project scope, timeline, and resources accordingly."
Agents/A1_Project_Manager/Change_Management.py,Monitor the effectiveness of the implemented changes and make adjustments as needed to achieve the project goals.
Agents/A1_Project_Manager/Risk_Analysis.py,Implement risk impact assessment
Agents/A1_Project_Manager/Risk_Analysis.py,Implement risk prioritization
Agents/A1_Project_Manager/Risk_Analysis.py,Implement risk response plan creation
Agents/A1_Project_Manager/Risk_Analysis.py,Set historical project data
Agents/A1_Project_Manager/Risk_Analysis.py,Set project schedule
Agents/A1_Project_Manager/Risk_Analysis.py,Set project budget data
Agents/A1_Project_Manager/Resource_Allocation.py,"Implement a method to analyze the availability, skills, and capabilities of each resource."
Agents/A1_Project_Manager/Resource_Allocation.py,"Implement a method to assign resources to each task based on their skills, availability, and the priority of the tasks."
Agents/A3_Frontend_Developer/Frontend_Test_Automation.py,Run unit tests using the specified testing frameworks
Agents/A3_Frontend_Developer/Frontend_Test_Automation.py,Run integration tests using the specified testing frameworks
Agents/A3_Frontend_Developer/Frontend_Test_Automation.py,Run end-to-end tests using the specified testing frameworks
Agents/A3_Frontend_Developer/Frontend_Test_Automation.py,Replace with actual test execution logic
Agents/A3_Frontend_Developer/Frontend_Test_Automation.py,Replace with actual test execution logic
Agents/A3_Frontend_Developer/Frontend_Test_Automation.py,Replace with actual test execution logic
Agents/A3_Frontend_Developer/Usability_Analysis.py,Analyze user feedback for potential usability issues
Agents/A3_Frontend_Developer/Usability_Analysis.py,Analyze UI data for potential usability issues
Agents/A3_Frontend_Developer/Usability_Analysis.py,Replace with actual analysis logic
Agents/A3_Frontend_Developer/Usability_Analysis.py,Replace with actual analysis logic
Agents/A8_DevOps_Engineer/Monitoring_and_Alerting.py,Update the email settings as needed
Agents/A10_Security_Engineer/Security_Assessment.py,Implement the actual security scanning logic for the specific tool
Agents/A4_Backend_Developer/Backend_Test_Automation.py,Write unit tests for your backend application
Agents/A4_Backend_Developer/Backend_Test_Automation.py,Write integration tests for your backend application
Agents/A4_Backend_Developer/Backend_Test_Automation.py,Write end-to-end tests for your backend application
Agents/A4_Backend_Developer/Database_Analysis.py,Analyze the database schema and data models to identify potential performance issues
Agents/A4_Backend_Developer/Database_Analysis.py,Analyze the performance metrics to identify potential data inconsistencies
Agents/A4_Backend_Developer/Database_Analysis.py,Replace with actual analysis logic
Agents/A4_Backend_Developer/Database_Analysis.py,Replace with actual analysis logic
